Modelo,PVP,RV 24m,RV 36m
iPhone 17 Pro Max 256GB,"1,469.00 €",  339.02 € ,  242.16 € 
iPhone 17 Pro Max 512GB,"1,719.00 €",  396.87 € ,  283.48 € 
iPhone 17 Pro Max 1TB,"1,969.00 €",  454.73 € ,  324.80 € 
iPhone 17 Pro Max 2TB,"2,469.00 €",  570.43 € ,  407.45 € 
iPhone 17 Pro 256GB,"1,319.00 €",  304.31 € ,  217.37 € 
iPhone 17 Pro 512GB,"1,569.00 €",  362.16 € ,  258.69 € 
iPhone 17 Pro 1TB,"1,819.00 €",  420.02 € ,  300.01 € 
iPhone Air 256GB,"1,219.00 €",  281.17 € ,  200.84 € 
iPhone Air 512GB,"1,469.00 €",  339.02 € ,  242.16 € 
iPhone Air 1TB,"1,719.00 €",  396.87 € ,  283.48 € 
iPhone 17 256GB,959.00 €,  221.01 € ,  157.86 € 
iPhone 17 512GB,"1,209.00 €",  278.86 € ,  199.18 € 
iPhone 17e 256GB,709.00 €,  163.16 € ,  116.54 € 
iPhone 17e 512GB,959.00 €,  221.01 € ,  157.86 € 
iPhone 16 Plus 128GB,959.00 €,  157.86 € ,  78.93 € 
iPhone 16 Plus 256GB,"1,089.00 €",  179.35 € ,  89.68 € 
iPhone 16 Plus 512GB,"1,339.00 €",  220.67 € ,  110.34 € 
iPhone 16 128GB,859.00 €,  141.33 € ,  70.67 € 
iPhone 16 256GB,989.00 €,  162.82 € ,  81.41 € 
iPhone 16 512GB,"1,239.00 €",  204.14 € ,  102.07 € 
iPhone 16e 128GB,599.00 €,  98.36 € ,  49.18 € 
iPhone 16e 256GB,729.00 €,  119.85 € ,  59.92 € 
iPhone 16e 512GB,979.00 €,  161.17 € ,  80.58 € 
iPhone 15 128GB,709.00 €,  58.27 € ,
iPhone 15 256GB,839.00 €,  69.01 € ,
iPhone 15 512GB,"1,089.00 €",  89.68 € ,